Week,Day,Day Name,Exercise Type,Exercise Name,Reps/Time,Sets
Week 1-2,Day 1,Full Body A – Lower & Back Emphasis,Warm-up,Light Cardio (treadmill/cycle),5 min,1
Week 1-2,Day 1,Full Body A – Lower & Back Emphasis,Warm-up,Bodyweight Squats,10 reps,1
Week 1-2,Day 1,Full Body A – Lower & Back Emphasis,Warm-up,Glute Bridges,10 reps,1
Week 1-2,Day 1,Full Body A – Lower & Back Emphasis,Main,Smith Machine Squat,10-12 reps,3
Week 1-2,Day 1,Full Body A – Lower & Back Emphasis,Main,Smith Machine Romanian Deadlift,10-12 reps,3
Week 1-2,Day 1,Full Body A – Lower & Back Emphasis,Main,Leg Curl Machine,12-15 reps,3
Week 1-2,Day 1,Full Body A – Lower & Back Emphasis,Main,Lat Pulldown (wide grip),10-12 reps,3
Week 1-2,Day 1,Full Body A – Lower & Back Emphasis,Main,Seated Cable Row,10-12 reps,3
Week 1-2,Day 1,Full Body A – Lower & Back Emphasis,Finisher,Plank Hold,15-20s hold,2
Week 1-2,Day 2,Full Body B – Upper & Arms Emphasis,Warm-up,Light Cardio (treadmill/cycle),5 min,1
Week 1-2,Day 2,Full Body B – Upper & Arms Emphasis,Warm-up,Arm Circles,30s,1
Week 1-2,Day 2,Full Body B – Upper & Arms Emphasis,Warm-up,Cable/Band Pull-Aparts,10 reps,1
Week 1-2,Day 2,Full Body B – Upper & Arms Emphasis,Main,Smith Machine Bench Press,10-12 reps,3
Week 1-2,Day 2,Full Body B – Upper & Arms Emphasis,Main,Smith Machine Overhead Press,10-12 reps,3
Week 1-2,Day 2,Full Body B – Upper & Arms Emphasis,Main,Lat Pulldown (close/underhand grip),10-12 reps,3
Week 1-2,Day 2,Full Body B – Upper & Arms Emphasis,Main,Cable Row (single arm),10 per side,3
Week 1-2,Day 2,Full Body B – Upper & Arms Emphasis,Main,Cable Bicep Curl,12 reps,2
Week 1-2,Day 2,Full Body B – Upper & Arms Emphasis,Main,Cable Tricep Pushdown,12 reps,2
Week 1-2,Day 2,Full Body B – Upper & Arms Emphasis,Finisher,Dead Bug,8 per side,2
Week 1-2,Day 3,Full Body C – Glutes & Posterior Chain,Warm-up,Light Cardio (treadmill/cycle),5 min,1
Week 1-2,Day 3,Full Body C – Glutes & Posterior Chain,Warm-up,Hip Circles,30s each direction,1
Week 1-2,Day 3,Full Body C – Glutes & Posterior Chain,Warm-up,Glute Bridges,10 reps,1
Week 1-2,Day 3,Full Body C – Glutes & Posterior Chain,Main,Smith Machine Hip Thrust,10-12 reps,3
Week 1-2,Day 3,Full Body C – Glutes & Posterior Chain,Main,Bench Step-Ups,8 per leg,2
Week 1-2,Day 3,Full Body C – Glutes & Posterior Chain,Main,Leg Curl Machine,12-15 reps,3
Week 1-2,Day 3,Full Body C – Glutes & Posterior Chain,Main,Lat Pulldown (wide grip),10-12 reps,3
Week 1-2,Day 3,Full Body C – Glutes & Posterior Chain,Main,Cable Pull-Through,10-12 reps,3
Week 1-2,Day 3,Full Body C – Glutes & Posterior Chain,Finisher,Side Plank,15s per side,2
Week 3-4,Day 1,Full Body A – Lower & Back Emphasis,Warm-up,Light Cardio (treadmill/cycle),5 min,1
Week 3-4,Day 1,Full Body A – Lower & Back Emphasis,Warm-up,Bodyweight Squats,10 reps,1
Week 3-4,Day 1,Full Body A – Lower & Back Emphasis,Warm-up,Glute Bridges,10 reps,1
Week 3-4,Day 1,Full Body A – Lower & Back Emphasis,Main,Smith Machine Squat,8-10 reps,3
Week 3-4,Day 1,Full Body A – Lower & Back Emphasis,Main,Smith Machine Romanian Deadlift,8-10 reps,3
Week 3-4,Day 1,Full Body A – Lower & Back Emphasis,Main,Leg Curl Machine,12-15 reps,3
Week 3-4,Day 1,Full Body A – Lower & Back Emphasis,Main,Lat Pulldown (wide grip),10-12 reps,3
Week 3-4,Day 1,Full Body A – Lower & Back Emphasis,Main,Seated Cable Row,10-12 reps,3
Week 3-4,Day 1,Full Body A – Lower & Back Emphasis,Finisher,Plank Hold,25-30s hold,2
Week 3-4,Day 2,Full Body B – Upper & Arms Emphasis,Warm-up,Light Cardio (treadmill/cycle),5 min,1
Week 3-4,Day 2,Full Body B – Upper & Arms Emphasis,Warm-up,Arm Circles,30s,1
Week 3-4,Day 2,Full Body B – Upper & Arms Emphasis,Warm-up,Cable/Band Pull-Aparts,10 reps,1
Week 3-4,Day 2,Full Body B – Upper & Arms Emphasis,Main,Smith Machine Bench Press,8-10 reps,3
Week 3-4,Day 2,Full Body B – Upper & Arms Emphasis,Main,Smith Machine Overhead Press,8-10 reps,3
Week 3-4,Day 2,Full Body B – Upper & Arms Emphasis,Main,Lat Pulldown (close/underhand grip),10-12 reps,3
Week 3-4,Day 2,Full Body B – Upper & Arms Emphasis,Main,Cable Row (single arm),10-12 per side,3
Week 3-4,Day 2,Full Body B – Upper & Arms Emphasis,Main,Cable Lateral Raise,12-15 reps,2
Week 3-4,Day 2,Full Body B – Upper & Arms Emphasis,Main,Cable Bicep Curl,12 reps,3
Week 3-4,Day 2,Full Body B – Upper & Arms Emphasis,Main,Cable Tricep Pushdown,12 reps,3
Week 3-4,Day 2,Full Body B – Upper & Arms Emphasis,Finisher,Dead Bug,10 per side,2
Week 3-4,Day 3,Full Body C – Glutes & Posterior Chain,Warm-up,Light Cardio (treadmill/cycle),5 min,1
Week 3-4,Day 3,Full Body C – Glutes & Posterior Chain,Warm-up,Hip Circles,30s each direction,1
Week 3-4,Day 3,Full Body C – Glutes & Posterior Chain,Warm-up,Glute Bridges,10 reps,1
Week 3-4,Day 3,Full Body C – Glutes & Posterior Chain,Main,Smith Machine Hip Thrust,12-15 reps,3
Week 3-4,Day 3,Full Body C – Glutes & Posterior Chain,Main,Bench Step-Ups,10 per leg,3
Week 3-4,Day 3,Full Body C – Glutes & Posterior Chain,Main,Leg Curl Machine,12-15 reps,3
Week 3-4,Day 3,Full Body C – Glutes & Posterior Chain,Main,Lat Pulldown (wide grip),10-12 reps,3
Week 3-4,Day 3,Full Body C – Glutes & Posterior Chain,Main,Cable Pull-Through,12-15 reps,3
Week 3-4,Day 3,Full Body C – Glutes & Posterior Chain,Main,Cable Face Pull,15 reps,2
Week 3-4,Day 3,Full Body C – Glutes & Posterior Chain,Finisher,Side Plank,20s per side,2
Week 5-6,Day 1,Full Body A – Lower & Back Emphasis,Warm-up,Light Cardio (treadmill/cycle),5 min,1
Week 5-6,Day 1,Full Body A – Lower & Back Emphasis,Warm-up,Bodyweight Squats,10 reps,1
Week 5-6,Day 1,Full Body A – Lower & Back Emphasis,Warm-up,Glute Bridges,10 reps,1
Week 5-6,Day 1,Full Body A – Lower & Back Emphasis,Main,Smith Machine Squat,8-10 reps,4
Week 5-6,Day 1,Full Body A – Lower & Back Emphasis,Main,Smith Machine Romanian Deadlift,8-10 reps,3
Week 5-6,Day 1,Full Body A – Lower & Back Emphasis,Main,Leg Curl Machine,12-15 reps,3
Week 5-6,Day 1,Full Body A – Lower & Back Emphasis,Main,Lat Pulldown (wide grip),10 reps,3
Week 5-6,Day 1,Full Body A – Lower & Back Emphasis,Main,Seated Cable Row,10 reps,3
Week 5-6,Day 1,Full Body A – Lower & Back Emphasis,Main,Cable Face Pull,15 reps,2
Week 5-6,Day 1,Full Body A – Lower & Back Emphasis,Finisher,Plank Hold,30s hold,3
Week 5-6,Day 2,Full Body B – Upper & Arms Emphasis,Warm-up,Light Cardio (treadmill/cycle),5 min,1
Week 5-6,Day 2,Full Body B – Upper & Arms Emphasis,Warm-up,Arm Circles,30s,1
Week 5-6,Day 2,Full Body B – Upper & Arms Emphasis,Warm-up,Cable/Band Pull-Aparts,10 reps,1
Week 5-6,Day 2,Full Body B – Upper & Arms Emphasis,Main,Smith Machine Bench Press,8-10 reps,4
Week 5-6,Day 2,Full Body B – Upper & Arms Emphasis,Main,Smith Machine Overhead Press,8-10 reps,3
Week 5-6,Day 2,Full Body B – Upper & Arms Emphasis,Main,Lat Pulldown (close/underhand grip),10 reps,3
Week 5-6,Day 2,Full Body B – Upper & Arms Emphasis,Main,Cable Row (single arm),10 per side,3
Week 5-6,Day 2,Full Body B – Upper & Arms Emphasis,Main,Cable Lateral Raise,12-15 reps,3
Week 5-6,Day 2,Full Body B – Upper & Arms Emphasis,Main,Cable Bicep Curl,12-15 reps,3
Week 5-6,Day 2,Full Body B – Upper & Arms Emphasis,Main,Cable Tricep Pushdown,12-15 reps,3
Week 5-6,Day 2,Full Body B – Upper & Arms Emphasis,Finisher,Dead Bug,10 per side,3
Week 5-6,Day 3,Full Body C – Glutes & Posterior Chain,Warm-up,Light Cardio (treadmill/cycle),5 min,1
Week 5-6,Day 3,Full Body C – Glutes & Posterior Chain,Warm-up,Hip Circles,30s each direction,1
Week 5-6,Day 3,Full Body C – Glutes & Posterior Chain,Warm-up,Glute Bridges,10 reps,1
Week 5-6,Day 3,Full Body C – Glutes & Posterior Chain,Main,Smith Machine Hip Thrust,10-12 reps,4
Week 5-6,Day 3,Full Body C – Glutes & Posterior Chain,Main,Bulgarian Split Squat (rear foot on bench),8 per leg,3
Week 5-6,Day 3,Full Body C – Glutes & Posterior Chain,Main,Leg Curl Machine,12-15 reps,3
Week 5-6,Day 3,Full Body C – Glutes & Posterior Chain,Main,Lat Pulldown (wide grip),10-12 reps,3
Week 5-6,Day 3,Full Body C – Glutes & Posterior Chain,Main,Cable Pull-Through,12-15 reps,3
Week 5-6,Day 3,Full Body C – Glutes & Posterior Chain,Finisher,Side Plank,25s per side,3

